repo_name,easy_file,hard_file
mathcoll/t6,routes/datatypes.js,routes/data.js
mathcoll/t6,routes/objects.js,routes/data.js
mathcoll/t6,routes/units.js,routes/data.js
mathcoll/t6,routes/datatypes.js,routes/flows.js
mathcoll/t6,routes/units.js,routes/flows.js
mathcoll/t6,routes/objects.js,routes/flows.js
mathcoll/t6,public/js/t6app-min.js,t6notifications.js
mathcoll/t6,public/js/resources/snippets/valueDisplay.js,t6notifications.js
mathcoll/t6,routes/ota.js,routes/exploration.js
ivmartel/dwv,src/app/state.js,src/dicom/dicomWriter.js
ivmartel/dwv,src/app/state.js,src/app/viewController.js
alexn1/qforms,src/frontend/viewer/Controller/FormController/FormController.js,src/frontend/editor/Editor/DataSourceEditor/DataSourceEditor.js
alexn1/qforms,build/lib/frontend/common/js/common-jsx.608dd8f4686776a683f806fc82032e4a.js,src/frontend/editor/Editor/DataSourceEditor/DataSourceEditor.js
alexn1/qforms,gulp/frontend_monitor.js,src/frontend/editor/Editor/DataSourceEditor/DataSourceEditor.js
alexn1/qforms,build/lib/frontend/editor/js/editor-jsx.27ec65bdd52247397c420b523b116954.js,src/frontend/editor/Editor/DataSourceEditor/DataSourceEditor.js
alexn1/qforms,src/frontend/editor/Editor/DataSource/DataSource.js,src/frontend/editor/Editor/DataSourceEditor/DataSourceEditor.js
alexn1/qforms,src/frontend/viewer/Model/Page/Page.js,src/frontend/editor/Editor/DataSourceEditor/DataSourceEditor.js
alexn1/qforms,build/lib/frontend/viewer/js/viewer-jsx.700e9a5a4536e4cc98e2557b01cefeb0.js,src/frontend/editor/Editor/DataSourceEditor/DataSourceEditor.js
alexn1/qforms,gulp/myOrder.js,src/frontend/editor/Editor/DataSourceEditor/DataSourceEditor.js
alexn1/qforms,gulp/frontend_index.js,src/frontend/editor/Editor/DataSourceEditor/DataSourceEditor.js
alexn1/qforms,src/frontend/viewer/Model/Model.js,src/frontend/editor/Editor/DataSourceEditor/DataSourceEditor.js
alexn1/qforms,gulp/frontend_app.js,src/frontend/editor/Editor/DataSourceEditor/DataSourceEditor.js
alexn1/qforms,src/frontend/editor/Editor/DataSource/DataSource.js,src/frontend/viewer/Controller/FormController/RowFormController/RowFormController.js
alexn1/qforms,build/lib/frontend/viewer/js/viewer-jsx.700e9a5a4536e4cc98e2557b01cefeb0.js,src/frontend/viewer/Controller/FormController/RowFormController/RowFormController.js
alexn1/qforms,gulp/myOrder.js,src/frontend/viewer/Controller/FormController/RowFormController/RowFormController.js
alexn1/qforms,src/frontend/viewer/Controller/FormController/FormController.js,src/frontend/viewer/Controller/FormController/RowFormController/RowFormController.js
alexn1/qforms,gulp/frontend_app.js,src/frontend/viewer/Controller/FormController/RowFormController/RowFormController.js
alexn1/qforms,gulp/frontend_monitor.js,src/frontend/viewer/Controller/FormController/RowFormController/RowFormController.js
alexn1/qforms,build/lib/frontend/common/js/common-jsx.608dd8f4686776a683f806fc82032e4a.js,src/frontend/viewer/Controller/FormController/RowFormController/RowFormController.js
alexn1/qforms,build/lib/frontend/editor/js/editor-jsx.27ec65bdd52247397c420b523b116954.js,src/frontend/viewer/Controller/FormController/RowFormController/RowFormController.js
alexn1/qforms,gulp/frontend_index.js,src/frontend/viewer/Controller/FormController/RowFormController/RowFormController.js
alexn1/qforms,src/frontend/viewer/Model/Model.js,src/frontend/viewer/Controller/FormController/RowFormController/RowFormController.js
alexn1/qforms,src/frontend/viewer/Model/Page/Page.js,src/frontend/viewer/Controller/FormController/RowFormController/RowFormController.js
teikei/teikei,api/src/services/users.js,map/src/AppRouter.js
teikei/teikei,map/src/containers/UserOnboarding/duck.js,map/src/AppRouter.js
teikei/teikei,map/src/containers/UserOnboarding/index.js,map/src/AppRouter.js
teikei/teikei,api/src/hooks/authorization.js,map/src/AppRouter.js
teikei/teikei,api/src/hooks/user.js,map/src/AppRouter.js
teikei/teikei,map/src/Authentication.js,map/src/AppRouter.js
teikei/teikei,admin/src/App.js,admin/src/components/FarmForm.js
teikei/teikei,admin/src/resources/initiatives.js,admin/src/components/FarmForm.js
teikei/teikei,admin/src/resources/users.js,admin/src/components/FarmForm.js
teikei/teikei,api/src/hooks/authorization.js,map/src/containers/Search/index.js
teikei/teikei,map/src/containers/UserOnboarding/duck.js,map/src/containers/Search/index.js
teikei/teikei,api/src/services/users.js,map/src/containers/Search/index.js
teikei/teikei,map/src/Authentication.js,map/src/containers/Search/index.js
teikei/teikei,api/src/hooks/user.js,map/src/containers/Search/index.js
teikei/teikei,map/src/containers/UserOnboarding/index.js,map/src/containers/Search/index.js
teikei/teikei,api/src/hooks/user.js,map/src/containers/Map/PlacePopup.js
teikei/teikei,api/src/services/users.js,map/src/containers/Map/PlacePopup.js
teikei/teikei,map/src/containers/UserOnboarding/index.js,map/src/containers/Map/PlacePopup.js
teikei/teikei,map/src/containers/UserOnboarding/duck.js,map/src/containers/Map/PlacePopup.js
teikei/teikei,map/src/Authentication.js,map/src/containers/Map/PlacePopup.js
teikei/teikei,api/src/hooks/authorization.js,map/src/containers/Map/PlacePopup.js
vivaxy/course,libraries/yjs/data-visualization/enums/event-types.js,libraries/yjs/basic/index.js
vivaxy/course,libraries/yjs/data-visualization/services/doc.js,libraries/yjs/basic/index.js
vivaxy/course,libraries/yjs/y-prosemirror-annotations/index.js,libraries/yjs/basic/index.js
vivaxy/course,libraries/yjs/data-visualization/index.js,libraries/yjs/basic/index.js
vivaxy/course,libraries/yjs/y-prosemirror-annotations/annotations/annotation.js,libraries/yjs/basic/index.js
Vizzuality/gfw,components/dyno-basemaps/settings/planet-menu/selectors.js,components/ui/timeframe/hook.js
Vizzuality/gfw,providers/datasets-provider/actions.js,components/recent-imagery/index.js
Vizzuality/gfw,components/dyno-basemaps/settings/planet-menu/selectors.js,components/satellite-basemaps/selectors.js
gorhill/uBlock,src/js/utils.js,src/js/tab.js
gorhill/uBlock,src/js/pagestore.js,src/js/tab.js
gorhill/uBlock,src/js/cosmetic-filtering.js,src/js/tab.js
gorhill/uBlock,src/js/storage.js,src/js/tab.js
gorhill/uBlock,src/web_accessible_resources/google-analytics_analytics.js,assets/resources/scriptlets.js
Ashoat/squadcal,landing/landing.react.js,server/src/scripts/soft-launch-migration.js
camptocamp/ngeo,contribs/gmf/src/profile/component.js,contribs/gmf/src/theme/Themes.js
camptocamp/ngeo,contribs/gmf/src/layertree/TreeManager.js,contribs/gmf/src/theme/Themes.js
camptocamp/ngeo,contribs/gmf/src/datasource/Helper.js,contribs/gmf/src/theme/Themes.js
camptocamp/ngeo,contribs/gmf/src/lidarprofile/Utils.js,contribs/gmf/src/theme/Themes.js
camptocamp/ngeo,contribs/gmf/src/editing/Snapping.js,contribs/gmf/src/theme/Themes.js
camptocamp/ngeo,contribs/gmf/src/drawing/drawFeatureComponent.js,contribs/gmf/src/theme/Themes.js
camptocamp/ngeo,contribs/gmf/src/editing/EditFeature.js,contribs/gmf/src/theme/Themes.js
openwfm/wrfxweb,fdds/js/components/CatalogMenu/catalogMenu.js,fdds/js/components/layerController.js
openwfm/wrfxweb,fdds/js/components/timeSeriesMarker.js,fdds/js/components/simulationLayer.js
openwfm/wrfxweb,fdds/js/components/infoSection.js,fdds/js/components/simulationLayer.js
openwfm/wrfxweb,fdds/js/components/infoPanel.js,fdds/js/components/simulationLayer.js
openwfm/wrfxweb,fdds/js/components/timeSeriesMarker.js,fdds/js/components/timeSeriesChart.js
openwfm/wrfxweb,fdds/js/components/infoPanel.js,fdds/js/components/timeSeriesChart.js
openwfm/wrfxweb,fdds/js/components/infoSection.js,fdds/js/components/timeSeriesChart.js
webpack/webpack,lib/WebpackOptionsApply.js,lib/Compiler.js
webpack/webpack,lib/esm/ModuleChunkLoadingRuntimeModule.js,lib/hmr/lazyCompilationBackend.js
webpack/webpack,lib/esm/ModuleChunkFormatPlugin.js,lib/hmr/lazyCompilationBackend.js
webpack/webpack,lib/esm/ModuleChunkLoadingPlugin.js,lib/hmr/lazyCompilationBackend.js
ONLYOFFICE/sdkjs,cell/model/Workbook.js,word/apiCommon.js
ONLYOFFICE/sdkjs,cell/model/ConditionalFormatting.js,word/apiCommon.js
ONLYOFFICE/sdkjs,cell/model/Workbook.js,word/Editor/Run.js
ONLYOFFICE/sdkjs,cell/model/ConditionalFormatting.js,word/Editor/Run.js
ONLYOFFICE/sdkjs,cell/model/Workbook.js,word/Editor/DocumentContent.js
ONLYOFFICE/sdkjs,cell/model/ConditionalFormatting.js,word/Editor/DocumentContent.js
dcloudio/uni-app,packages/uni-app-plus/dist/view.umd.min.js,src/platforms/mp-baidu/runtime/wrapper/component-parser.js
dcloudio/uni-app,packages/uni-mp-qq/dist/index.js,src/platforms/mp-baidu/runtime/wrapper/component-parser.js
dcloudio/uni-app,packages/uni-mp-toutiao/dist/index.js,src/platforms/mp-baidu/runtime/wrapper/component-parser.js
dcloudio/uni-app,packages/uni-app-plus/dist/index.v3.js,src/platforms/mp-baidu/runtime/wrapper/component-parser.js
dcloudio/uni-app,packages/uni-app-plus/dist/index.js,src/platforms/mp-baidu/runtime/wrapper/component-parser.js
dcloudio/uni-app,packages/uni-mp-toutiao/dist/index.js,packages/uni-template-compiler/lib/script/traverse/index.js
dcloudio/uni-app,packages/uni-app-plus/dist/view.umd.min.js,packages/uni-template-compiler/lib/script/traverse/index.js
dcloudio/uni-app,packages/uni-app-plus/dist/index.js,packages/uni-template-compiler/lib/script/traverse/index.js
dcloudio/uni-app,packages/uni-mp-qq/dist/index.js,packages/uni-template-compiler/lib/script/traverse/index.js
dcloudio/uni-app,packages/uni-app-plus/dist/index.v3.js,packages/uni-template-compiler/lib/script/traverse/index.js
zloirock/core-js,packages/core-js-compat/src/mapping.js,packages/core-js/modules/es.string.replace.js
zloirock/core-js,packages/core-js/internals/shared.js,packages/core-js/modules/es.string.replace.js
zloirock/core-js,packages/core-js-compat/src/mapping.js,packages/core-js/modules/es.regexp.constructor.js
zloirock/core-js,packages/core-js/internals/shared.js,packages/core-js/modules/es.regexp.constructor.js
electerious/Ackee,src/database/sizes.js,src/resolvers/facts.js
electerious/Ackee,src/database/systems.js,src/resolvers/facts.js
electerious/Ackee,src/ui/scripts/utils/commonModalProps.js,src/resolvers/facts.js
electerious/Ackee,src/ui/scripts/components/modals/ModalPermanentTokenEdit.js,src/resolvers/facts.js
electerious/Ackee,src/models/Record.js,src/resolvers/facts.js
electerious/Ackee,src/ui/scripts/components/Status.js,src/resolvers/facts.js
electerious/Ackee,src/ui/scripts/components/renderers/RendererChart.js,src/resolvers/facts.js
electerious/Ackee,src/ui/scripts/components/modals/ModalEventAdd.js,src/resolvers/facts.js
electerious/Ackee,src/utils/connect.js,src/resolvers/facts.js
electerious/Ackee,src/utils/sortByProp.js,src/resolvers/facts.js
electerious/Ackee,src/ui/scripts/components/Filter.js,src/resolvers/facts.js
electerious/Ackee,src/ui/scripts/components/modals/ModalPermanentTokenAdd.js,src/resolvers/facts.js
electerious/Ackee,src/types/eventStatistics.js,src/resolvers/facts.js
electerious/Ackee,src/ui/scripts/components/renderers/RendererReferrers.js,src/resolvers/facts.js
electerious/Ackee,src/database/actions.js,src/resolvers/facts.js
electerious/Ackee,src/ui/scripts/components/icons/IconArrowDown.js,src/resolvers/facts.js
electerious/Ackee,src/ui/scripts/components/routes/RouteOverview.js,src/resolvers/facts.js
electerious/Ackee,src/types/domainStatistics.js,src/resolvers/facts.js
electerious/Ackee,src/ui/scripts/components/presentations/PresentationValueText.js,src/resolvers/facts.js
electerious/Ackee,src/ui/scripts/components/renderers/RendererList.js,src/resolvers/facts.js
electerious/Ackee,src/ui/scripts/components/Header.js,src/ui/scripts/components/Dashboard.js
electerious/Ackee,src/database/views.js,src/ui/scripts/components/Dashboard.js
quisquous/cactbot,ui/oopsyraidsy/damage_tracker.js,ui/oopsyraidsy/data/05-shb/eureka/delubrum_reginae_savage.js
tidepool-org/blip,app/components/clinic/ClinicProfile.js,app/components/navbar/NavigationMenu.js
tidepool-org/blip,app/components/clinic/WorkspaceSwitcher.js,app/components/navbar/NavigationMenu.js
oVirt/ovirt-web-ui,src/components/IconUpload/index.js,src/sagas/background-refresh.js
Ylianst/MeshCentral,public/scripts/amt-wsman-0.2.0-min.js,meshdesktopmultiplex.js
businesscode/BCD-UI,Client/src/js/widgetNg/comment/commentPackage.js,Client/src/js/component/docUpload/docUploadCreate.js
root-project/jsroot,scripts/JSRoot.v7hist.js,scripts/JSRoot.geom.js
root-project/jsroot,scripts/JSRoot.v7hist.js,scripts/JSRoot.hist.js
root-project/jsroot,scripts/JSRoot.v7hist.js,scripts/JSRoot.base3d.js
root-project/jsroot,scripts/JSRoot.v7hist.js,scripts/JSRoot.v7more.js
root-project/jsroot,scripts/JSRoot.v7hist.js,scripts/JSRoot.painter.js
Rothamsted/knetminer,client-base/src/main/webapp/html/KnetMaps/javascript/knet-generator.js,client-base/src/main/webapp/html/javascript/utils.js
sparcs-kaist/otlplus,react/src/pages/WriteReviewsPage.js,react/src/components/sections/write-reviews/TakenLecturesSection.js
prismicio/prismic-cli,packages/prismic-generator-generator/app/templates/typescript/generators/create-slice/templates/library/slice/index.stories.js,packages/generator-prismic-nextjs/generators/slicemachine/templates/prismic.js
prismicio/prismic-cli,packages/prismic-generator-generator/app/templates/javascript/generators/create-slice/templates/library/slice/index.stories.js,packages/generator-prismic-nextjs/generators/slicemachine/templates/prismic.js
prismicio/prismic-cli,packages/prismic-generator-generator/app/templates/javascript/generators/create-slice/templates/library/slice/index.stories.js,packages/generator-prismic-nextjs/generators/slicemachine/templates/sm-resolver.js
prismicio/prismic-cli,packages/prismic-generator-generator/app/templates/typescript/generators/create-slice/templates/library/slice/index.stories.js,packages/generator-prismic-nextjs/generators/slicemachine/templates/sm-resolver.js
FredericHeem/starhackit,client/src/app_user/infra/infraDetail.js,client/src/app_user/infra/wizardCreate.js
FredericHeem/starhackit,client/src/app_user/infra/importProjectForm.js,client/src/app_user/infra/wizardCreate.js
FredericHeem/starhackit,server/src/plugins/cloudDiagram/index.js,client/src/app_user/infra/wizardCreate.js
FredericHeem/starhackit,server/src/plugins/cloudDiagram/diagramApi.js,client/src/app_user/infra/wizardCreate.js
FredericHeem/starhackit,client/src/app_user/infra/infraModule.js,client/src/app_user/infra/wizardCreate.js
FredericHeem/starhackit,server/src/plugins/cloudDiagram/infraApi.js,client/src/app_user/infra/wizardCreate.js
FredericHeem/starhackit,server/src/plugins/cloudDiagram/gitUtils.js,client/src/app_user/infra/wizardCreate.js
KissKissBankBank/kitten,src/esm/components/navigation/header-nav/styles.js,assets/javascripts/kitten/components/navigation/header-nav/styles.js
KissKissBankBank/kitten,src/components/navigation/header-nav/styles.js,assets/javascripts/kitten/components/navigation/header-nav/styles.js
fiduswriter/fiduswriter,fiduswriter/document/static/js/modules/importer/file.js,fiduswriter/document/static/js/modules/exporter/print/index.js
fiduswriter/fiduswriter,fiduswriter/document/static/js/modules/editor/citations/index.js,fiduswriter/document/static/js/modules/exporter/print/index.js
fiduswriter/fiduswriter,fiduswriter/user_template_manager/static/js/modules/user_template_manager/actions.js,fiduswriter/document/static/js/modules/exporter/print/index.js
fiduswriter/fiduswriter,fiduswriter/document/static/js/modules/editor/comments/editors/comment.js,fiduswriter/document/static/js/modules/exporter/print/index.js
fiduswriter/fiduswriter,fiduswriter/document/static/js/modules/editor/state_plugins/links.js,fiduswriter/document/static/js/modules/exporter/print/index.js
fiduswriter/fiduswriter,fiduswriter/user_template_manager/static/js/modules/user_template_manager/menu.js,fiduswriter/document/static/js/modules/exporter/print/index.js
fiduswriter/fiduswriter,fiduswriter/document/static/js/modules/editor/comments/interactions.js,fiduswriter/document/static/js/modules/exporter/print/index.js
fiduswriter/fiduswriter,fiduswriter/document/static/js/modules/document_template/admin.js,fiduswriter/document/static/js/modules/exporter/print/index.js
fiduswriter/fiduswriter,fiduswriter/document/static/js/modules/editor/menus/headerbar/model.js,fiduswriter/document/static/js/modules/exporter/print/index.js
fiduswriter/fiduswriter,fiduswriter/document/static/js/modules/editor/comments/store.js,fiduswriter/document/static/js/modules/exporter/print/index.js
fiduswriter/fiduswriter,fiduswriter/document/static/js/modules/editor/marginboxes/index.js,fiduswriter/document/static/js/modules/exporter/print/index.js
fiduswriter/fiduswriter,fiduswriter/document/static/js/modules/editor/track/amend_transaction.js,fiduswriter/document/static/js/modules/exporter/print/index.js
fiduswriter/fiduswriter,fiduswriter/document/static/js/modules/document_template/index.js,fiduswriter/document/static/js/modules/exporter/print/index.js
fiduswriter/fiduswriter,fiduswriter/user_template_manager/static/js/modules/user_template_manager/editor.js,fiduswriter/document/static/js/modules/exporter/print/index.js
fiduswriter/fiduswriter,fiduswriter/document/static/js/modules/documents/overview/index.js,fiduswriter/document/static/js/modules/exporter/print/index.js
fiduswriter/fiduswriter,fiduswriter/user_template_manager/static/js/modules/user_template_manager/menu.js,fiduswriter/document/static/js/modules/documents/overview/menu.js
fiduswriter/fiduswriter,fiduswriter/document/static/js/modules/editor/track/amend_transaction.js,fiduswriter/document/static/js/modules/documents/overview/menu.js
fiduswriter/fiduswriter,fiduswriter/document/static/js/modules/editor/comments/interactions.js,fiduswriter/document/static/js/modules/documents/overview/menu.js
fiduswriter/fiduswriter,fiduswriter/user_template_manager/static/js/modules/user_template_manager/actions.js,fiduswriter/document/static/js/modules/documents/overview/menu.js
fiduswriter/fiduswriter,fiduswriter/document/static/js/modules/editor/marginboxes/index.js,fiduswriter/document/static/js/modules/documents/overview/menu.js
fiduswriter/fiduswriter,fiduswriter/document/static/js/modules/editor/menus/headerbar/model.js,fiduswriter/document/static/js/modules/documents/overview/menu.js
fiduswriter/fiduswriter,fiduswriter/document/static/js/modules/document_template/index.js,fiduswriter/document/static/js/modules/documents/overview/menu.js
fiduswriter/fiduswriter,fiduswriter/document/static/js/modules/editor/comments/store.js,fiduswriter/document/static/js/modules/documents/overview/menu.js
fiduswriter/fiduswriter,fiduswriter/document/static/js/modules/editor/citations/index.js,fiduswriter/document/static/js/modules/documents/overview/menu.js
fiduswriter/fiduswriter,fiduswriter/user_template_manager/static/js/modules/user_template_manager/editor.js,fiduswriter/document/static/js/modules/documents/overview/menu.js
fiduswriter/fiduswriter,fiduswriter/document/static/js/modules/document_template/admin.js,fiduswriter/document/static/js/modules/documents/overview/menu.js
fiduswriter/fiduswriter,fiduswriter/document/static/js/modules/importer/file.js,fiduswriter/document/static/js/modules/documents/overview/menu.js
fiduswriter/fiduswriter,fiduswriter/document/static/js/modules/editor/comments/editors/comment.js,fiduswriter/document/static/js/modules/documents/overview/menu.js
fiduswriter/fiduswriter,fiduswriter/document/static/js/modules/documents/overview/index.js,fiduswriter/document/static/js/modules/documents/overview/menu.js
fiduswriter/fiduswriter,fiduswriter/document/static/js/modules/editor/state_plugins/links.js,fiduswriter/document/static/js/modules/documents/overview/menu.js
fiduswriter/fiduswriter,fiduswriter/user_template_manager/static/js/modules/user_template_manager/menu.js,fiduswriter/document/static/js/modules/documents/overview/actions.js
fiduswriter/fiduswriter,fiduswriter/document/static/js/modules/editor/comments/editors/comment.js,fiduswriter/document/static/js/modules/documents/overview/actions.js
fiduswriter/fiduswriter,fiduswriter/document/static/js/modules/documents/overview/index.js,fiduswriter/document/static/js/modules/documents/overview/actions.js
fiduswriter/fiduswriter,fiduswriter/document/static/js/modules/editor/citations/index.js,fiduswriter/document/static/js/modules/documents/overview/actions.js
fiduswriter/fiduswriter,fiduswriter/document/static/js/modules/importer/file.js,fiduswriter/document/static/js/modules/documents/overview/actions.js
fiduswriter/fiduswriter,fiduswriter/user_template_manager/static/js/modules/user_template_manager/editor.js,fiduswriter/document/static/js/modules/documents/overview/actions.js
fiduswriter/fiduswriter,fiduswriter/user_template_manager/static/js/modules/user_template_manager/actions.js,fiduswriter/document/static/js/modules/documents/overview/actions.js
fiduswriter/fiduswriter,fiduswriter/document/static/js/modules/editor/marginboxes/index.js,fiduswriter/document/static/js/modules/documents/overview/actions.js
fiduswriter/fiduswriter,fiduswriter/document/static/js/modules/document_template/index.js,fiduswriter/document/static/js/modules/documents/overview/actions.js
fiduswriter/fiduswriter,fiduswriter/document/static/js/modules/editor/state_plugins/links.js,fiduswriter/document/static/js/modules/documents/overview/actions.js
fiduswriter/fiduswriter,fiduswriter/document/static/js/modules/editor/comments/store.js,fiduswriter/document/static/js/modules/documents/overview/actions.js
fiduswriter/fiduswriter,fiduswriter/document/static/js/modules/editor/menus/headerbar/model.js,fiduswriter/document/static/js/modules/documents/overview/actions.js
fiduswriter/fiduswriter,fiduswriter/document/static/js/modules/document_template/admin.js,fiduswriter/document/static/js/modules/documents/overview/actions.js
fiduswriter/fiduswriter,fiduswriter/document/static/js/modules/editor/track/amend_transaction.js,fiduswriter/document/static/js/modules/documents/overview/actions.js
fiduswriter/fiduswriter,fiduswriter/document/static/js/modules/editor/comments/interactions.js,fiduswriter/document/static/js/modules/documents/overview/actions.js
fiduswriter/fiduswriter,fiduswriter/document/static/js/modules/editor/citations/index.js,fiduswriter/document/static/js/modules/documents/access_rights/index.js
fiduswriter/fiduswriter,fiduswriter/document/static/js/modules/editor/marginboxes/index.js,fiduswriter/document/static/js/modules/documents/access_rights/index.js
fiduswriter/fiduswriter,fiduswriter/document/static/js/modules/editor/comments/store.js,fiduswriter/document/static/js/modules/documents/access_rights/index.js
fiduswriter/fiduswriter,fiduswriter/document/static/js/modules/editor/track/amend_transaction.js,fiduswriter/document/static/js/modules/documents/access_rights/index.js
fiduswriter/fiduswriter,fiduswriter/document/static/js/modules/documents/overview/index.js,fiduswriter/document/static/js/modules/documents/access_rights/index.js
fiduswriter/fiduswriter,fiduswriter/user_template_manager/static/js/modules/user_template_manager/editor.js,fiduswriter/document/static/js/modules/documents/access_rights/index.js
fiduswriter/fiduswriter,fiduswriter/document/static/js/modules/editor/comments/interactions.js,fiduswriter/document/static/js/modules/documents/access_rights/index.js
fiduswriter/fiduswriter,fiduswriter/user_template_manager/static/js/modules/user_template_manager/menu.js,fiduswriter/document/static/js/modules/documents/access_rights/index.js
fiduswriter/fiduswriter,fiduswriter/user_template_manager/static/js/modules/user_template_manager/actions.js,fiduswriter/document/static/js/modules/documents/access_rights/index.js
fiduswriter/fiduswriter,fiduswriter/document/static/js/modules/document_template/admin.js,fiduswriter/document/static/js/modules/documents/access_rights/index.js
fiduswriter/fiduswriter,fiduswriter/document/static/js/modules/document_template/index.js,fiduswriter/document/static/js/modules/documents/access_rights/index.js
fiduswriter/fiduswriter,fiduswriter/document/static/js/modules/editor/state_plugins/links.js,fiduswriter/document/static/js/modules/documents/access_rights/index.js
fiduswriter/fiduswriter,fiduswriter/document/static/js/modules/importer/file.js,fiduswriter/document/static/js/modules/documents/access_rights/index.js
fiduswriter/fiduswriter,fiduswriter/document/static/js/modules/editor/comments/editors/comment.js,fiduswriter/document/static/js/modules/documents/access_rights/index.js
fiduswriter/fiduswriter,fiduswriter/document/static/js/modules/editor/menus/headerbar/model.js,fiduswriter/document/static/js/modules/documents/access_rights/index.js
Jey-Cee/ioBroker.enocean,lib/definitions/EEPinclude.js,main.js
Jey-Cee/ioBroker.enocean,lib/definitions/EEPinclude.js,lib/tools/Packet_handler.js
KaliedaRik/Scrawl-canvas,source/core/library.js,demo/canvas-004.js
KaliedaRik/Scrawl-canvas,source/scrawl.js,demo/canvas-004.js
KaliedaRik/Scrawl-canvas,source/factory/rdAsset.js,demo/canvas-054.js
KaliedaRik/Scrawl-canvas,source/mixin/assetAdvancedFunctionality.js,demo/canvas-054.js
KaliedaRik/Scrawl-canvas,source/factory/noiseAsset.js,demo/canvas-054.js
Louis-Aime/Milesian-calendar,yearsignature.js,lunar.js
Louis-Aime/Milesian-calendar,yearsignature.js,milesianclockdisplay.js
tidepool-org/chrome-uploader,app/reducers/devices.js,app/actions/async.js
tidepool-org/chrome-uploader,app/reducers/devices.js,app/components/Upload.js
tidepool-org/chrome-uploader,app/reducers/devices.js,app/components/UploadList.js
tidepool-org/chrome-uploader,lib/drivers/i-sens/careSens.js,lib/drivers/bayer/bayerConstants.js
wwwouaiebe/leaflet.TravelNotes,Gruntfile.js,src/data/Note.js
wwwouaiebe/leaflet.TravelNotes,Gruntfile.js,src/data/Route.js
wwwouaiebe/leaflet.TravelNotes,src/UI/ItineraryPaneUI.js,src/data/Config.js
wwwouaiebe/leaflet.TravelNotes,src/UI/ProvidersToolbarUI.js,src/data/Config.js
wwwouaiebe/leaflet.TravelNotes,src/dialogs/RoutePropertiesDialog.js,src/core/GeoLocator.js
wwwouaiebe/leaflet.TravelNotes,src/UI/UI.js,src/core/GeoLocator.js
wwwouaiebe/leaflet.TravelNotes,src/dialogs/NoteDialogToolbar.js,src/core/GeoLocator.js
wwwouaiebe/leaflet.TravelNotes,src/roadbook/RoadbookUpdate.js,src/core/GeoLocator.js
wwwouaiebe/leaflet.TravelNotes,src/UI/MouseUI.js,src/core/GeoLocator.js
wwwouaiebe/leaflet.TravelNotes,src/contextMenus/WayPointContextMenu.js,src/core/GeoLocator.js
wwwouaiebe/leaflet.TravelNotes,src/dialogs/BaseDialog.js,src/core/GeoLocator.js
wwwouaiebe/leaflet.TravelNotes,src/core/SvgIconFromOsmFactory.js,src/core/GeoLocator.js
wwwouaiebe/leaflet.TravelNotes,src/dialogs/AboutDialog.js,src/core/GeoLocator.js
wwwouaiebe/leaflet.TravelNotes,src/UI/ErrorsUI.js,src/core/GeoLocator.js
wwwouaiebe/leaflet.TravelNotes,src/contextMenus/BaseContextMenu.js,src/core/GeoLocator.js
wwwouaiebe/leaflet.TravelNotes,src/main/mainViewer.js,src/core/GeoLocator.js
wwwouaiebe/leaflet.TravelNotes,src/dialogs/APIKeysDialog.js,src/core/GeoLocator.js
wwwouaiebe/leaflet.TravelNotes,src/roadbook/roadbook.js,src/core/GeoLocator.js
wwwouaiebe/leaflet.TravelNotes,src/dialogs/PasswordDialog.js,src/core/GeoLocator.js
wwwouaiebe/leaflet.TravelNotes,src/dialogs/ColorDialog.js,src/core/GeoLocator.js
wwwouaiebe/leaflet.TravelNotes,src/UI/ProvidersToolbarUI.js,src/data/TravelNotesData.js
wwwouaiebe/leaflet.TravelNotes,src/UI/ItineraryPaneUI.js,src/data/TravelNotesData.js
thm-projects/arsnova-flashcards,imports/config/serverStyle/style/global/const.js,imports/util/leitner.js
thm-projects/arsnova-flashcards,imports/config/serverStyle/style/global/const.js,imports/config/serverBoot.js
thm-projects/arsnova-flashcards,imports/config/serverStyle/style/global/const.js,imports/util/cardsetUserlist.js
thm-projects/arsnova-flashcards,imports/config/serverStyle/style/global/const.js,imports/api/meteorMethods/answers.js
thm-projects/arsnova-flashcards,imports/config/serverStyle/style/global/const.js,imports/api/meteorMethods/leitner.js
thm-projects/arsnova-flashcards,imports/config/serverStyle/style/global/const.js,imports/startup/server/boot/steps/defaultDataStep.js
CenterForTheBuiltEnvironment/comfort_tool,static/js/use_fans_heatwaves/use_fan_heatwaves_page.js,static/js/comfort-models.js
angular/angular-devkit-build-angular-builds,src/utils/index-file/inline-fonts.js,src/webpack/utils/stats.js
angular/angular-devkit-build-angular-builds,src/utils/index-file/inline-fonts.js,src/webpack/configs/common.js
angular/angular-devkit-build-angular-builds,src/utils/index-file/inline-fonts.js,src/webpack/configs/styles.js
angular/angular-devkit-build-angular-builds,src/utils/index-file/inline-fonts.js,src/babel/presets/application.js
